{
  "shape": {
    "mode": "fc1",
    "E": 32,
    "K": 4096,
    "N": 4096,
    "dtype": "bf16"
  },
  "iters": 20,
  "warmup": 5,
  "n_input_copies": 4,
  "l2_flush_mb": 512,
  "results": {
    "triton": {
      "fwd": {
        "mean_ms": 0.47073725163936614,
        "median_ms": 0.4703035056591034,
        "min_ms": 0.4598830044269562,
        "max_ms": 0.4849640130996704,
        "bw_gbps_median": 4566.1655126096175
      },
      "bwd": {
        "mean_ms": 11.36487143933773,
        "median_ms": 0.5994445085525513,
        "min_ms": 0.5776839852333069,
        "max_ms": 215.80381774902344,
        "bw_gbps_median": 3582.456119558792
      }
    },
    "eager": {
      "fwd": {
        "mean_ms": 2.8206448554992676,
        "median_ms": 2.820723056793213,
        "min_ms": 2.8017830848693848,
        "max_ms": 2.8390231132507324,
        "bw_gbps_median": 761.3238183125299
      },
      "bwd": {
        "mean_ms": 2.3424022674560545,
        "median_ms": 2.3290390968322754,
        "min_ms": 2.3118579387664795,
        "max_ms": 2.576819896697998,
        "bw_gbps_median": 922.047058342984
      }
    }
  }
}
