{
  "shape": {
    "mode": "fc2",
    "E": 32,
    "K": 4096,
    "N": 2048,
    "dtype": "bf16"
  },
  "iters": 20,
  "warmup": 5,
  "n_input_copies": 4,
  "l2_flush_mb": 512,
  "results": {
    "triton": {
      "fwd": {
        "mean_ms": 0.2784882500767708,
        "median_ms": 0.2798224985599518,
        "min_ms": 0.26356199383735657,
        "max_ms": 0.2985219955444336,
        "bw_gbps_median": 3837.2247747260803
      },
      "bwd": {
        "mean_ms": 8.249892519414425,
        "median_ms": 0.41080351173877716,
        "min_ms": 0.349481999874115,
        "max_ms": 157.25067138671875,
        "bw_gbps_median": 2613.760090451159
      }
    },
    "eager": {
      "fwd": {
        "mean_ms": 1.497995090484619,
        "median_ms": 1.4947529435157776,
        "min_ms": 1.4837729930877686,
        "max_ms": 1.5183720588684082,
        "bw_gbps_median": 718.3406653640527
      },
      "bwd": {
        "mean_ms": 1.3265714466571807,
        "median_ms": 1.31381094455719,
        "min_ms": 1.3025710582733154,
        "max_ms": 1.580214023590088,
        "bw_gbps_median": 817.2727046065951
      }
    }
  }
}
