{
  "shape": {
    "mode": "small",
    "B": 2,
    "S": 128,
    "P": 32,
    "H": 8,
    "HD": 128,
    "dtype": "bf16"
  },
  "iters": 10,
  "warmup": 3,
  "n_input_copies": 4,
  "l2_flush_mb": 512,
  "flops_fwd": 16777216,
  "results": {
    "triton": {
      "fwd": {
        "mean_ms": 0.05380449965596199,
        "median_ms": 0.05254049971699715,
        "min_ms": 0.04908100143074989,
        "max_ms": 0.06763999909162521,
        "tflops_median": 0.3193196884378409
      },
      "bwd": {
        "mean_ms": 113.22778563946486,
        "median_ms": 0.2259019985795021,
        "min_ms": 0.2215220034122467,
        "max_ms": 1129.438232421875,
        "tflops_median": 0.22280302217993297
      }
    },
    "eager": {
      "fwd": {
        "mean_ms": 0.17823359966278077,
        "median_ms": 0.1758815050125122,
        "min_ms": 0.1708810031414032,
        "max_ms": 0.19144199788570404,
        "tflops_median": 0.09538931338349912
      },
      "bwd": {
        "mean_ms": 13.169136549532414,
        "median_ms": 0.2564824968576431,
        "min_ms": 0.24828200042247772,
        "max_ms": 129.09242248535156,
        "tflops_median": 0.19623813950912933
      }
    }
  }
}