{
  "shape": {
    "mode": "v4",
    "B": 1,
    "S": 4096,
    "P": 1024,
    "H": 8,
    "HD": 128,
    "dtype": "bf16"
  },
  "iters": 10,
  "warmup": 3,
  "n_input_copies": 4,
  "l2_flush_mb": 512,
  "flops_fwd": 8589934592,
  "results": {
    "triton": {
      "fwd": {
        "mean_ms": 0.42643160223960874,
        "median_ms": 0.42446349561214447,
        "min_ms": 0.4133239984512329,
        "max_ms": 0.44272398948669434,
        "tflops_median": 20.23715744886833
      },
      "bwd": {
        "mean_ms": 109.4339668750763,
        "median_ms": 6.456915616989136,
        "min_ms": 6.445376873016357,
        "max_ms": 1035.877197265625,
        "tflops_median": 3.9910392677574555
      }
    },
    "eager": {
      "fwd": {
        "mean_ms": 0.3073305994272232,
        "median_ms": 0.3061024993658066,
        "min_ms": 0.30392301082611084,
        "max_ms": 0.3151229918003082,
        "tflops_median": 28.062281784032848
      },
      "bwd": {
        "mean_ms": 13.282133412361144,
        "median_ms": 0.4886444956064224,
        "min_ms": 0.47712498903274536,
        "max_ms": 128.1802520751953,
        "tflops_median": 52.73732541286259
      }
    }
  }
}