{
  "shape": {
    "mode": "small",
    "B": 2,
    "S": 64,
    "K": 4,
    "out_dtype": "bf16"
  },
  "iters": 10,
  "warmup": 3,
  "n_input_copies": 4,
  "l2_flush_mb": 512,
  "results": {
    "triton": {
      "fwd": {
        "mean_ms": 0.04261239990592003,
        "median_ms": 0.041220998391509056,
        "min_ms": 0.038440000265836716,
        "max_ms": 0.05336099863052368,
        "bw_gbps_median": 0.7452512359896621
      },
      "bwd": {
        "mean_ms": 4.037149283289909,
        "median_ms": 0.2676225006580353,
        "min_ms": 0.25540199875831604,
        "max_ms": 37.69131088256836,
        "bw_gbps_median": 0.16070397628843283
      }
    },
    "eager": {
      "fwd": {
        "mean_ms": 0.09804899916052819,
        "median_ms": 0.09742099791765213,
        "min_ms": 0.09112100303173065,
        "max_ms": 0.10780099779367447,
        "bw_gbps_median": 0.31533242993432437
      },
      "bwd": {
        "mean_ms": 1.614781603217125,
        "median_ms": 0.4046429991722107,
        "min_ms": 0.39380401372909546,
        "max_ms": 12.439826011657715,
        "bw_gbps_median": 0.10628628219932791
      }
    }
  }
}
