{
  "shape": {
    "mode": "v4",
    "B": 1,
    "S": 4096,
    "K": 4,
    "out_dtype": "bf16"
  },
  "iters": 10,
  "warmup": 3,
  "n_input_copies": 4,
  "l2_flush_mb": 512,
  "results": {
    "triton": {
      "fwd": {
        "mean_ms": 0.04617599993944168,
        "median_ms": 0.043640000745654106,
        "min_ms": 0.040119998157024384,
        "max_ms": 0.058479998260736465,
        "bw_gbps_median": 22.52612243820587
      },
      "bwd": {
        "mean_ms": 4.170164713263512,
        "median_ms": 0.27640199661254883,
        "min_ms": 0.26412099599838257,
        "max_ms": 38.912628173828125,
        "bw_gbps_median": 4.979182556084028
      }
    },
    "eager": {
      "fwd": {
        "mean_ms": 0.10280479937791824,
        "median_ms": 0.1020209975540638,
        "min_ms": 0.09800100326538086,
        "max_ms": 0.1111610010266304,
        "bw_gbps_median": 9.635663476815735
      },
      "bwd": {
        "mean_ms": 1.5702195048332215,
        "median_ms": 0.4051229953765869,
        "min_ms": 0.4000430107116699,
        "max_ms": 11.922327041625977,
        "bw_gbps_median": 3.3971312803922293
      }
    }
  }
}
