{
  "shape": {
    "mode": "small",
    "N": 128,
    "E": 32,
    "K": 4,
    "score_fn": "sqrtsoftplus"
  },
  "iters": 10,
  "warmup": 3,
  "n_input_copies": 4,
  "l2_flush_mb": 512,
  "results": {
    "triton": {
      "fwd": {
        "mean_ms": 0.04482030048966408,
        "median_ms": 0.043719999492168427,
        "min_ms": 0.03808100149035454,
        "max_ms": 0.05648000165820122,
        "bw_gbps_median": 0.936871008137527
      },
      "bwd": {
        "mean_ms": 2.184522123634815,
        "median_ms": 0.2014019936323166,
        "min_ms": 0.16356100142002106,
        "max_ms": 19.831764221191406,
        "bw_gbps_median": 0.264386657945455
      }
    },
    "eager": {
      "fwd": {
        "mean_ms": 0.06588849909603596,
        "median_ms": 0.06497999653220177,
        "min_ms": 0.0604810006916523,
        "max_ms": 0.07148099690675735,
        "bw_gbps_median": 0.6303478329627439
      },
      "bwd": {
        "mean_ms": 3.4207794308662414,
        "median_ms": 0.1829020008444786,
        "min_ms": 0.17640100419521332,
        "max_ms": 32.373779296875,
        "bw_gbps_median": 0.2911285811754281
      }
    }
  }
}
