{
  "shape": {
    "mode": "v4",
    "N": 4096,
    "E": 256,
    "K": 8,
    "score_fn": "softmax"
  },
  "iters": 10,
  "warmup": 3,
  "n_input_copies": 4,
  "l2_flush_mb": 512,
  "results": {
    "triton": {
      "fwd": {
        "mean_ms": 0.047876300290226936,
        "median_ms": 0.046560000628232956,
        "min_ms": 0.04264000058174133,
        "max_ms": 0.06651999801397324,
        "bw_gbps_median": 208.31889753280075
      },
      "bwd": {
        "mean_ms": 14.881322711706161,
        "median_ms": 0.14798100292682648,
        "min_ms": 0.13672199845314026,
        "max_ms": 147.0032501220703,
        "bw_gbps_median": 86.80206071012788
      }
    },
    "eager": {
      "fwd": {
        "mean_ms": 0.04674439951777458,
        "median_ms": 0.04633999988436699,
        "min_ms": 0.04476099833846092,
        "max_ms": 0.05112000182271004,
        "bw_gbps_median": 209.30789866644156
      },
      "bwd": {
        "mean_ms": 0.13510119915008545,
        "median_ms": 0.10818099975585938,
        "min_ms": 0.1042800024151802,
        "max_ms": 0.3608829975128174,
        "bw_gbps_median": 118.73671004139779
      }
    }
  }
}
