{
  "shape": {
    "mode": "v4",
    "N": 4096,
    "E": 256,
    "K": 8,
    "score_fn": "sqrtsoftplus"
  },
  "iters": 10,
  "warmup": 3,
  "n_input_copies": 4,
  "l2_flush_mb": 512,
  "results": {
    "triton": {
      "fwd": {
        "mean_ms": 0.04707249961793423,
        "median_ms": 0.046080999076366425,
        "min_ms": 0.04224000126123428,
        "max_ms": 0.05528099834918976,
        "bw_gbps_median": 210.4843253056659
      },
      "bwd": {
        "mean_ms": 16.98636678159237,
        "median_ms": 0.14972149580717087,
        "min_ms": 0.13628199696540833,
        "max_ms": 168.1611328125,
        "bw_gbps_median": 85.79299806450899
      }
    },
    "eager": {
      "fwd": {
        "mean_ms": 0.0724646009504795,
        "median_ms": 0.07194050028920174,
        "min_ms": 0.06936100125312805,
        "max_ms": 0.07636100053787231,
        "bw_gbps_median": 134.8243056554872
      },
      "bwd": {
        "mean_ms": 3.3987379759550094,
        "median_ms": 0.18254149705171585,
        "min_ms": 0.1719219982624054,
        "max_ms": 32.183284759521484,
        "bw_gbps_median": 70.36786816950924
      }
    }
  }
}
