{
  "shape": {
    "mode": "k",
    "B": 1,
    "S": 4096,
    "H": 1,
    "head_dim": 64,
    "rotary_dim": 64,
    "dtype": "bf16"
  },
  "iters": 20,
  "warmup": 5,
  "n_input_copies": 4,
  "l2_flush_mb": 512,
  "results": {
    "triton": {
      "fwd": {
        "mean_ms": 0.028514149971306323,
        "median_ms": 0.02747999969869852,
        "min_ms": 0.02443999983370304,
        "max_ms": 0.037039998918771744,
        "bw_gbps_median": 57.23668185027281
      },
      "bwd": {
        "mean_ms": 8.01846219599247,
        "median_ms": 0.09254049882292747,
        "min_ms": 0.0870010033249855,
        "max_ms": 158.50595092773438,
        "bw_gbps_median": 16.996493643389712
      }
    },
    "eager": {
      "fwd": {
        "mean_ms": 0.06511255037039518,
        "median_ms": 0.06400100141763687,
        "min_ms": 0.05999999865889549,
        "max_ms": 0.07304000109434128,
        "bw_gbps_median": 24.57561546164437
      },
      "bwd": {
        "mean_ms": 0.8689431592822074,
        "median_ms": 0.13990149646997452,
        "min_ms": 0.1340010017156601,
        "max_ms": 14.671480178833008,
        "bw_gbps_median": 11.242653150158164
      }
    }
  }
}
