{
  "shape": {
    "mode": "q",
    "B": 1,
    "S": 4096,
    "H": 64,
    "head_dim": 512,
    "rotary_dim": 64,
    "dtype": "bf16"
  },
  "iters": 20,
  "warmup": 5,
  "n_input_copies": 4,
  "l2_flush_mb": 512,
  "results": {
    "triton": {
      "fwd": {
        "mean_ms": 0.1483830504119396,
        "median_ms": 0.14772100001573563,
        "min_ms": 0.1438409984111786,
        "max_ms": 0.15480199456214905,
        "bw_gbps_median": 3637.906593800172
      },
      "bwd": {
        "mean_ms": 8.19642395377159,
        "median_ms": 0.18672150373458862,
        "min_ms": 0.182001993060112,
        "max_ms": 160.2792510986328,
        "bw_gbps_median": 2878.0573702098563
      }
    },
    "eager": {
      "fwd": {
        "mean_ms": 0.4366231009364128,
        "median_ms": 0.4366829991340637,
        "min_ms": 0.4237630069255829,
        "max_ms": 0.45172300934791565,
        "bw_gbps_median": 1230.6300017762248
      },
      "bwd": {
        "mean_ms": 1.1896556973457337,
        "median_ms": 0.5244845151901245,
        "min_ms": 0.5153650045394897,
        "max_ms": 13.795951843261719,
        "bw_gbps_median": 1024.6159503969252
      }
    }
  }
}
