{
  "shape": {
    "mode": "k4",
    "B": 1,
    "S": 4096,
    "K": 4,
    "dtype": "bf16",
    "n_iters": 20
  },
  "iters": 20,
  "warmup": 5,
  "n_input_copies": 4,
  "l2_flush_mb": 512,
  "results": {
    "triton": {
      "fwd": {
        "mean_ms": 0.04250244963914156,
        "median_ms": 0.04310050047934055,
        "min_ms": 0.036600999534130096,
        "max_ms": 0.050960998982191086,
        "bw_gbps_median": 249.36842682724333
      },
      "bwd": {
        "mean_ms": 8.11920942813158,
        "median_ms": 0.10144099965691566,
        "min_ms": 0.09752099961042404,
        "max_ms": 160.3590545654297,
        "bw_gbps_median": 105.95226817904557
      }
    },
    "eager": {
      "fwd": {
        "mean_ms": 0.5927231043577195,
        "median_ms": 0.5868249833583832,
        "min_ms": 0.574524998664856,
        "max_ms": 0.6225259900093079,
        "bw_gbps_median": 18.315348365862068
      },
      "bwd": {
        "mean_ms": 2.610542470216751,
        "median_ms": 1.502032995223999,
        "min_ms": 1.4843720197677612,
        "max_ms": 23.72948455810547,
        "bw_gbps_median": 7.155571171988242
      }
    },
    "compiled": {
      "fwd": {
        "mean_ms": 0.2786045506596565,
        "median_ms": 0.26986248791217804,
        "min_ms": 0.2610020041465759,
        "max_ms": 0.38588300347328186,
        "bw_gbps_median": 39.82733607457778
      },
      "bwd": {
        "mean_ms": 0.6745704025030136,
        "median_ms": 0.6234259903430939,
        "min_ms": 0.6114050149917603,
        "max_ms": 1.4128140211105347,
        "bw_gbps_median": 17.24006404366465
      }
    }
  }
}
