{
  "shape": {
    "mode": "k4_small",
    "B": 2,
    "S": 64,
    "K": 4,
    "dtype": "bf16",
    "n_iters": 20
  },
  "iters": 20,
  "warmup": 5,
  "n_input_copies": 4,
  "l2_flush_mb": 512,
  "results": {
    "triton": {
      "fwd": {
        "mean_ms": 0.04139224998652935,
        "median_ms": 0.041881000623106956,
        "min_ms": 0.034279998391866684,
        "max_ms": 0.05112000182271004,
        "bw_gbps_median": 8.019674673548504
      },
      "bwd": {
        "mean_ms": 8.231979834288358,
        "median_ms": 0.09708050265908241,
        "min_ms": 0.09280099719762802,
        "max_ms": 162.6761016845703,
        "bw_gbps_median": 3.459726626874622
      }
    },
    "eager": {
      "fwd": {
        "mean_ms": 0.5893528014421463,
        "median_ms": 0.5855644941329956,
        "min_ms": 0.5687649846076965,
        "max_ms": 0.6229649782180786,
        "bw_gbps_median": 0.5735866900490649
      },
      "bwd": {
        "mean_ms": 2.6659526109695433,
        "median_ms": 1.5014729499816895,
        "min_ms": 1.4787319898605347,
        "max_ms": 24.778688430786133,
        "bw_gbps_median": 0.22369500563036848
      }
    },
    "compiled": {
      "fwd": {
        "mean_ms": 0.29376069605350497,
        "median_ms": 0.29106250405311584,
        "min_ms": 0.28212299942970276,
        "max_ms": 0.33360299468040466,
        "bw_gbps_median": 1.1539514548349619
      },
      "bwd": {
        "mean_ms": 0.7128505557775497,
        "median_ms": 0.6267854869365692,
        "min_ms": 0.6174460053443909,
        "max_ms": 1.9481780529022217,
        "bw_gbps_median": 0.5358643539141013
      }
    }
  }
}
