{
  "shape": {
    "mode": "k8",
    "B": 1,
    "S": 4096,
    "K": 8,
    "dtype": "bf16",
    "n_iters": 20
  },
  "iters": 20,
  "warmup": 5,
  "n_input_copies": 4,
  "l2_flush_mb": 512,
  "results": {
    "triton": {
      "fwd": {
        "mean_ms": 0.07204049974679946,
        "median_ms": 0.07158049941062927,
        "min_ms": 0.06772100180387497,
        "max_ms": 0.08011999726295471,
        "bw_gbps_median": 600.6051418190581
      },
      "bwd": {
        "mean_ms": 8.39024966955185,
        "median_ms": 0.14590149372816086,
        "min_ms": 0.14228099584579468,
        "max_ms": 164.9247283935547,
        "bw_gbps_median": 294.6619318380705
      }
    },
    "eager": {
      "fwd": {
        "mean_ms": 0.5034522473812103,
        "median_ms": 0.5010440051555634,
        "min_ms": 0.4915649890899658,
        "max_ms": 0.5370439887046814,
        "bw_gbps_median": 85.80407221248367
      },
      "bwd": {
        "mean_ms": 2.5790146052837373,
        "median_ms": 1.450073003768921,
        "min_ms": 1.4390530586242676,
        "max_ms": 24.022008895874023,
        "bw_gbps_median": 29.64789764946966
      }
    },
    "compiled": {
      "fwd": {
        "mean_ms": 0.2956607982516289,
        "median_ms": 0.2878429889678955,
        "min_ms": 0.2820430099964142,
        "max_ms": 0.4149639904499054,
        "bw_gbps_median": 149.3578709495511
      },
      "bwd": {
        "mean_ms": 0.7127406477928162,
        "median_ms": 0.6229859888553619,
        "min_ms": 0.6091259717941284,
        "max_ms": 2.0460989475250244,
        "bw_gbps_median": 69.00896130744495
      }
    }
  }
}
