{
  "shape": {
    "mode": "smoke",
    "B": 2,
    "HQ": 4,
    "HK": 1,
    "Sq": 128,
    "Sk": 128,
    "D": 64,
    "dtype": "bf16",
    "swa_window": 0,
    "has_sink": true
  },
  "iters": 20,
  "warmup": 5,
  "n_input_copies": 4,
  "l2_flush_mb": 512,
  "flops_fwd": 16908288,
  "results": {
    "triton": {
      "mean_ms": 0.039314250089228155,
      "median_ms": 0.0382005013525486,
      "min_ms": 0.03596000000834465,
      "max_ms": 0.04639999940991402,
      "tflops_median": 0.4426195311929313
    },
    "tilelang": {
      "mean_ms": 0.023608150146901607,
      "median_ms": 0.023600000888109207,
      "min_ms": 0.02199999988079071,
      "max_ms": 0.02500000037252903,
      "tflops_median": 0.7164528543945603
    }
  }
}
